{"cameraMode":{"drawMode":0,"name":"Shaded","section":"Shading Mode"},"sceneLighting":true,"audioPlay":false,"sceneViewState":{"m_AlwaysRefresh":false,"showFog":true,"showSkybox":true,"showFlares":true,"showImageEffects":true,"showParticleSystems":true,"showVisualEffectGraphs":true,"m_FxEnabled":true},"in2DMode":false,"pivot":{"x":0.3280251622200012,"y":0.6907070279121399,"z":0.05355525016784668},"rotation":{"x":-0.07970375567674637,"y":0.023021778091788293,"z":-0.0018413309007883072,"w":-0.9965509176254273},"size":1.3776087760925294,"orthographic":false}